ID,Location,Icon
LOC0001,E1-0,Location_Images/LOC0001.Icon.174251.jpg
LOC0002,E1-1,Location_Images/LOC0002.Icon.160405.jpg
LOC0003,E1-2,Location_Images/LOC0003.Icon.160331.jpg
LOC0004,E1-3,Location_Images/LOC0004.Icon.170325.jpg
LOC0005,E1-4,Location_Images/LOC0005.Icon.160435.jpg
LOC0006,E1-5,Location_Images/LOC0006.Icon.170651.jpg
LOC0007,E2-0,Location_Images/LOC0007.Icon.192157.jpg
LOC0008,E2-1,Location_Images/LOC0008.Icon.164237.jpg
LOC0009,E2-2,Location_Images/LOC0009.Icon.164554.jpg
LOC0010,E2-3,Location_Images/LOC0010.Icon.173804.jpg
LOC0011,E2-4,Location_Images/LOC0011.Icon.185850.jpg
LOC0012,E2-5,Location_Images/LOC0012.Icon.190358.jpg
LOC0013,E3-0,Location_Images/LOC0013.Icon.192208.jpg
LOC0014,E3-1,Location_Images/LOC0014.Icon.191743.jpg
LOC0015,E3-2,Location_Images/LOC0015.Icon.202408.jpg
LOC0016,E3-3,Location_Images/LOC0016.Icon.203526.jpg
LOC0017,E3-4,Location_Images/LOC0017.Icon.205911.jpg
LOC0018,E3-5,Location_Images/LOC0018.Icon.192223.jpg
LOC0019,E4-0,Location_Images/LOC0019.Icon.192239.jpg
LOC0020,E4-1,Location_Images/LOC0020.Icon.212628.jpg
LOC0021,E4-2,Location_Images/LOC0021.Icon.213335.jpg
LOC0022,E4-3,Location_Images/LOC0022.Icon.214931.jpg
LOC0023,E4-4,Location_Images/LOC0023.Icon.143908.jpg
LOC0024,E4-5,Location_Images/LOC0024.Icon.150418.jpg
LOC0025,E5-0,Location_Images/LOC0025.Icon.192256.jpg
LOC0026,E5-1,Location_Images/LOC0026.Icon.151621.jpg
LOC0027,E5-2,Location_Images/LOC0027.Icon.154220.jpg
LOC0028,E5-3,Location_Images/LOC0028.Icon.162349.jpg
LOC0029,E5-4,Location_Images/LOC0029.Icon.180308.jpg
LOC0030,E5-5,Location_Images/LOC0030.Icon.181230.jpg
,,
LOC0032,E6-1,Location_Images/LOC0032.Icon.183850.jpg
LOC0033,E6-2,Location_Images/LOC0033.Icon.184930.jpg
LOC0034,E6-3,Location_Images/LOC0034.Icon.191715.jpg
LOC0035,E6-4,Location_Images/LOC0035.Icon.193012.jpg
LOC0036,E6-5,Location_Images/LOC0036.Icon.193557.jpg
,,
LOC0038,E7-1,Location_Images/LOC0038.Icon.213222.jpg
LOC0039,E7-2,Location_Images/LOC0039.Icon.213241.jpg
LOC0040,E7-3,Location_Images/LOC0040.Icon.213258.jpg
LOC0041,E7-4,Location_Images/LOC0041.Icon.213318.jpg
LOC0042,E7-5,Location_Images/LOC0042.Icon.213203.jpg
LOC0043,E8-0,Location_Images/LOC0043.Icon.192337.jpg
LOC0044,E8-1,Location_Images/LOC0044.Icon.192402.jpg
LOC0045,E8-2,Location_Images/LOC0045.Icon.192414.jpg
LOC0046,E8-3,Location_Images/LOC0046.Icon.192429.jpg
LOC0047,E8-4,Location_Images/LOC0047.Icon.192442.jpg
LOC0048,E8-5,Location_Images/LOC0048.Icon.192455.jpg
LOC0049,E9-0,Location_Images/LOC0049.Icon.192517.jpg
LOC0050,E9-1,Location_Images/LOC0050.Icon.192528.jpg
LOC0051,E9-2,Location_Images/LOC0051.Icon.192541.jpg
LOC0052,E9-3,Location_Images/LOC0052.Icon.192552.jpg
LOC0053,E9-4,Location_Images/LOC0053.Icon.192606.jpg
LOC0054,E9-5,Location_Images/LOC0054.Icon.192619.jpg
LOC0055,E10-0,Location_Images/LOC0055.Icon.213346.jpg
LOC0056,E10-1,Location_Images/LOC0056.Icon.213405.jpg
LOC0057,E10-2,Location_Images/LOC0057.Icon.213419.jpg
LOC0058,E10-3,Location_Images/LOC0058.Icon.213438.jpg
LOC0059,E10-4,Location_Images/LOC0059.Icon.213455.jpg
LOC0060,E10-5,Location_Images/LOC0060.Icon.213514.jpg
LOC0061,E11-0,Location_Images/LOC0061.Icon.201038.jpg
LOC0062,E11-1,Location_Images/LOC0062.Icon.191203.jpg
LOC0063,E11-2,Location_Images/LOC0063.Icon.145633.jpg
LOC0064,E11-3,Location_Images/LOC0064.Icon.141050.jpg
LOC0065,E11-4,Location_Images/LOC0065.Icon.213554.jpg
LOC0066,E11-5,Location_Images/LOC0066.Icon.213537.jpg
,,
LOC0068,E12-1,Location_Images/LOC0068.Icon.213601.jpg
LOC0069,E12-2,Location_Images/LOC0069.Icon.213616.jpg
LOC0070,E12-3,Location_Images/LOC0070.Icon.214430.jpg
LOC0071,E12-4,Location_Images/LOC0071.Icon.192647.jpg
LOC0072,E12-5,Location_Images/LOC0072.Icon.143337.jpg
,,
LOC0074,E13-1,Location_Images/LOC0074.Icon.183553.jpg
LOC0075,E13-2,Location_Images/LOC0075.Icon.184739.jpg
LOC0076,E13-3,Location_Images/LOC0076.Icon.164036.jpg
LOC0077,E13-4,Location_Images/LOC0077.Icon.160043.jpg
LOC0078,E13-5,Location_Images/LOC0078.Icon.152615.jpg
,,
LOC0080,E14-1,Location_Images/LOC0080.Icon.191815.jpg
LOC0081,E14-2,Location_Images/LOC0081.Icon.160834.jpg
LOC0082,E14-3,Location_Images/LOC0082.Icon.152104.jpg
LOC0083,E14-4,Location_Images/LOC0083.Icon.195846.jpg
LOC0084,E14-5,Location_Images/LOC0084.Icon.155938.jpg
,,
LOC0086,E15-1,Location_Images/LOC0086.Icon.192111.jpg
LOC0087,E15-2,Location_Images/LOC0087.Icon.192052.jpg
LOC0088,E15-3,Location_Images/LOC0088.Icon.192038.jpg
LOC0089,E15-4,Location_Images/LOC0089.Icon.192021.jpg
LOC0090,E15-5,Location_Images/LOC0090.Icon.192008.jpg
,,
LOC0092,E16-1,Location_Images/LOC0092.Icon.192730.jpg
LOC0093,E16-2,Location_Images/LOC0093.Icon.200758.jpg
LOC0094,E16-3,Location_Images/LOC0094.Icon.134219.jpg
LOC0095,E16-4,Location_Images/LOC0095.Icon.192811.jpg
LOC0096,E16-5,Location_Images/LOC0096.Icon.140547.jpg
,,
LOC0098,E17-1,Location_Images/LOC0098.Icon.221049.jpg
LOC0099,E17-2,Location_Images/LOC0099.Icon.184823.jpg
LOC0100,E17-3,Location_Images/LOC0100.Icon.184808.jpg
LOC0101,E17-4,Location_Images/LOC0101.Icon.152104.jpg
LOC0102,E17-5,Location_Images/LOC0102.Icon.152043.jpg
,,
LOC0104,E18-1,Location_Images/LOC0104.Icon.001308.jpg
LOC0105,E18-2,Location_Images/LOC0105.Icon.000938.jpg
LOC0106,E18-3,Location_Images/LOC0106.Icon.224732.jpg
LOC0107,E18-4,Location_Images/LOC0107.Icon.224751.jpg
LOC0108,E18-5,Location_Images/LOC0108.Icon.174026.jpg
LOC0109,E19-0,Location_Images/LOC0109.Icon.213903.png
LOC0110,E19-1,Location_Images/LOC0110.Icon.134530.jpg
LOC0111,E19-2,Location_Images/LOC0111.Icon.134549.jpg
LOC0112,E19-3,Location_Images/LOC0112.Icon.134606.jpg
LOC0113,E19-4,Location_Images/LOC0113.Icon.134619.jpg
LOC0114,E19-5,Location_Images/LOC0114.Icon.141518.jpg
LOC0115,E20-0,Location_Images/LOC0115.Icon.134259.png
LOC0116,E20-1,Location_Images/LOC0116.Icon.211325.jpg
LOC0117,E20-2,Location_Images/LOC0117.Icon.211130.jpg
LOC0118,E20-3,Location_Images/LOC0118.Icon.211003.jpg
LOC0119,E20-4,Location_Images/LOC0119.Icon.210521.jpg
LOC0120,E20-5,Location_Images/LOC0120.Icon.205847.jpg
7066317f,TALLER,Location_Images/7066317f.Icon.001231.jpg
26813a72,PRODUCTOS QUIMICOS,Location_Images/26813a72.Icon.155750.jpg
,,
218b4280,E20-8,Location_Images/218b4280.Icon.141822.jpg
92bd79f5,E20-6,Location_Images/92bd79f5.Icon.205046.jpg
b99687bf,E20-7,Location_Images/b99687bf.Icon.210040.jpg
3d9eb8e3,GABINETE ROJO,Location_Images/3d9eb8e3.Icon.141225.jpg
,,
a02904d5,R1-2,
3dd41351,R1-3,
f8f0fa35,R1-1,
bdc688e0,R2-0,
e3c7b211,R2-1,
e7c03846,R2-2,
ddbb9e98,R2-3,
c2d2537d,R3-0,
191a927d,R3-1,
c6acf83a,R3-2,
68dab6aa,R3-3,
b4a2143f,R4-0,
2d7d9e04,R4-1,
2e6af4ed,R4-2,
4ca9e823,R4-3,
d009594f,R5-0,
15a6e401,R5-1,
769ef04d,R5-2,
1abd033c,R5-3,
1bf1bb15,R6-0,
e7e69bdf,R6-1,
1cdacd99,R6-2,
c4b19a8c,R6-3,
8eede3f6,TAPANCO,Location_Images/8eede3f6.Icon.001604.jpg
c8a82ed9,R1-0,
920237d4,MESA DE TRABAJO,Location_Images/920237d4.Icon.141150.jpg
ad24d755,E21-0,Location_Images/ad24d755.Icon.141102.jpg
c44b408e,E21-1,Location_Images/c44b408e.Icon.141045.jpg
489ef27b,E21-2,Location_Images/489ef27b.Icon.141028.jpg
b044627b,E21-3,Location_Images/b044627b.Icon.141014.jpg
70145415,P.Q-1,Location_Images/70145415.Icon.135956.jpg
3ee622d0,P.Q-0,Location_Images/3ee622d0.Icon.135938.jpg
54b5cf8e,P.Q-2,Location_Images/54b5cf8e.Icon.140013.jpg
92990b6a,P.Q-3,Location_Images/92990b6a.Icon.140027.jpg
e4b20dda,P.Q-4,Location_Images/e4b20dda.Icon.140041.jpg
ad5ba206,P.Q-5,Location_Images/ad5ba206.Icon.140054.jpg
a6a85d2b,TALLER MALLA,Location_Images/a6a85d2b.Icon.211014.jpg
,,
84e30ac4,HERRAMIENTAS DE USO COMUN,Location_Images/84e30ac4.Icon.000632.jpg
b563a079,PANEL ORGANIZADOR,Location_Images/b563a079.Icon.234814.jpg