ID,Name,Logo,URL,Phone,Email,Address
PROV001,FETIPSA,https://www.fetipsa.com/wp-content/uploads/2020/12/FETIPSA_logo_color.svg,https://www.fetipsa.com/,3338261040,info@fetipsa.com,"AVENIDA LA PAZ, 1331, MODERNA, GUADALAJARA, JAL, C.P. 44190"
3900dab9,ACEROS MURILLO,https://acerosmurillo.com/wp-content/uploads/2022/12/logo-aceros-murillo.jpg,https://acerosmurillo.com/,3313334555,ventasinternet@acerosmurillo.com,"Av. Prol. Colón 5555, Los Cajetes, 45609 San Pedro Tlaquepaque, Jal., México"
83a52293,ROLLER SERVICES,Vendors_Images/83a52293.Logo.170018.png,,3311109814,ventasrollerservices@gmail.com,"Ignacio Ramírez 5374, Cerro del Cuatro, 45599 San Pedro Tlaquepaque, Jal"
1ce673ed,COMPONENTES CARRILLO,Vendors_Images/1ce673ed.Logo.165936.jpg,https://l.facebook.com/l.php?u=http%3A%2F%2Fcomponentescarrillo.com.mx%2F&h=AT1WtXDsMHAMhjQapsLg3rA5-LvETzOi-J8BrVqnV1zmk0Tf0QyzMEZsACkHYfQCcjQALOK8rWP28-1fM0k_4GxgOP28s5E3H2BOiwuUwdntHM6RNRmMvNd1EOzllQ-6QPMvjiV-jACkNQ,3320494009,componentescarrillo@prodigy.net.mx,"Lázaro Cárdenas 2118 44440 Guadalajara, Mexico"
3a4110bf,EVANS,Vendors_Images/3a4110bf.Logo.165952.png,https://evans.com.mx/,3336852300,enlinea@evans.com.mx,Av. Juan Gil Preciado (Carretera a Tesistán) #6363-A C.P. 45138
e0a455a9,RIRSA,Vendors_Images/e0a455a9.Logo.170010.png,https://www.rirsa.mx/es/,3336193302,ventas_gua@rirsa-myvisa.com.mx,"Río Alamo 2589, El Rosario, 44898 Guadalajara, Jal., México"
ab7dd31c,JWELL (CHINA),Vendors_Images/ab7dd31c.Logo.170000.png,https://www.szjwell.cn/,86-15806226208,infdd@jwell.cn,"18 Dong An Lu, Tai Cang Shi, Su Zhou Shi, Jiang Su Sheng, China, 215415"
a5e797e4,TEMPER DE GUADALAJARA,Vendors_Images/a5e797e4.Logo.161422.jpg,https://tempergdl.com.mx/,3335704733,contactogdl@tempergdl.com.mx,"C. Fermín Riestra, Moderna, Guadalajara, Jal., México"
a7cc6f64,MUNDILUB (TOTAL ENERGIES),Vendors_Images/a7cc6f64.Logo.162902.jpg,https://totalenergies.mx/lubricantes-y-especialidades/distribuidores-autorizados/mundilub,3344473725,industriagdl@mundillantasparedes.com,"Las Liebres, 45623 San Pedro Tlaquepaque, Jal., México"
804de554,VILLA CHAVEZ SA DE CV,Vendors_Images/804de554.Logo.170034.jpg,http://www.villachavez.com,3338256824,ventas@villachavez.com,"Calle Vidrio 1742, Col Americana, Americana, 44170 Guadalajara, Jal., México"
a5eff119,MANGUERAS Y CONEXIONES (ZETCH),Vendors_Images/a5eff119.Logo.160511.jpg,https://www.manguerasyconexiones.com/,3313366334,mercadotecnia@manguerasyconexiones.com,"Calz. Lázaro Cárdenas 869, La Nogalera, 44470 Guadalajara, Jal., México"
2c6c8db2,IMA NEUMATICA,Vendors_Images/2c6c8db2.Logo.171247.png,https://www.imaneumatica.com/,3338207685,daniel.galvan@automatizacionima.com,"C. Bartolomé Gutiérrez 3012, Echeverría, 44970 Guadalajara, Jal., México"
955f69ca,STEREN,Vendors_Images/955f69ca.Logo.170025.png,https://www.steren.com.mx/?utm_term=steren&utm_campaign=Search+-+Branded+(Desktop)&utm_source=adwords&utm_medium=ppc&hsa_acc=3543146321&hsa_cam=9713662552&hsa_grp=103182288167&hsa_ad=533151826465&hsa_src=g&hsa_tgt=kwd-25652572&hsa_kw=steren&hsa_mt=b&hsa_net=adwords&hsa_ver=3&gad_source=1&gad_campaignid=9713662552&gbraid=0AAAAAD0abDSizjPmdwZF6Ujo9YaUNb20_&gclid=CjwKCAiAkbbMBhB2EiwANbxtbSQk1wEvLGP0n4YtqLuEPyegIHcwWabMmttDf0MukznsBxHsHm4BtxoC7k8QAvD_BwE,3336278019,info@steren.com.mx,"Technology Park Guadalajara, 45222 Technology Park Guadalajara, Jal., México"
43fc8600,EMPAQUES Y SOLUCIONES INDUSTRIALES,Vendors_Images/43fc8600.Logo.140705.png,,3310048914,ventas3@shsolucionesindustriales.com,"Loma Fría Sur 7920, Loma Dorada Delegación a, 45402 Tonalá, Jal., México"
32918d31,DIBAL,Vendors_Images/32918d31.Logo.143957.png,http://www.dibalgdl.com,3338112405,luzsanchez@dibalgdl.com,"C. Francisco de Orellana 2692, Computec Express, 44930 Guadalajara, Jal., México"
bc0b8156,OVARA INDUSTRIAL,Vendors_Images/bc0b8156.Logo.150301.png,https://www.ovaraindustrial.com/,3317998661,contacto@ovaraindustrial.com,"Uranio 100, Minerales, 45694 Las Pintitas, Jal., México"
3591db66,AMBAR CARGO,Vendors_Images/3591db66.Logo.211136.png,https://ambarcargo.com/,3330019001,administracion@ambarcargo.com,"Av. Circunvalación Agustín Yáñez 455, La Aurora, 44460 Guadalajara, Jal., México"
1a085ed4,CBS COMPRESORES,Vendors_Images/1a085ed4.Logo.153317.png,https://cbscompresores.com.mx/,3320141340,Accesorios@cbscompresores.com.mx,"Av. Washington 1212, Moderna, 44190 Guadalajara, Jal., México"
fc5645e9,EL TORNILLO PAR,Vendors_Images/fc5645e9.Logo.204758.png,https://elreydeltornillo.com/,3336820869,sincorreo@tornillorey.com.mx,"Av Vallarta Eje Poniente 532, San Juan de Ocotán, 45019 Zapopan, Jal., México"
d8419d6c,WORLD OF SEALS (MUNDO DE SELLOS),Vendors_Images/d8419d6c.Logo.161402.png,https://www.emds.mx/nosotros.html,33 1368 9333,sincorreo@mundodesellos.com.mx,"Av España 1560B, Moderna, 44190 Guadalajara, Jal., México"
f0d77596,POWERDEPOT,Vendors_Images/f0d77596.Logo.191846.png,https://powerdepot.com.mx/,3336157256,ivallejo@powerdepot.mx,"Av. Washington 59-A, Ferrocarril, 44440 Guadalajara, Jal., México"
344207b0,KLIMAN PARKER STORE,Vendors_Images/344207b0.Logo.191102.png,https://www.kliman.com.mx/,3338529731,sincorreo@kliman.com,"Carr a Nogales #5040, San Juan de Ocotán, 45222 Zapopan, Jal., México"
a76a9899,SERVO MOTION,Vendors_Images/a76a9899.Logo.191759.png,https://www.servomotion-solution.com/,3324397694,notifications@norma.odoo.com,"C. Miguel Velazquez Mancilla, 53320 Naucalpan de Juárez, Méx., México"